{
  "max_f1": {
    "threshold": 0.3333333333333333,
    "f1": 0.4396551724137931,
    "precision": 0.46788990825688076,
    "recall": 0.4146341463414634
  },
  "recall_0.50": {
    "threshold": 0.19047619047619047
  },
  "recall_0.70": {
    "threshold": 0.08163265306122448
  },
  "recall_0.90": {
    "threshold": 0.03318777292576419
  },
  "basis": "isotonic-calibrated pooled rolling-OOF (honest, not in-sample)",
  "oof_rows": 4087,
  "oof_pos": 369
}