Experiment,Mean_AUC,Std_AUC
Base,0.8022498829672455,0.008953106671638468
Base + Interactions,0.8053059998556288,0.005747773300292744
Base + Int + TE,0.7869421622161082,0.008928272418553788
