{
  "random": {
    "eval_rows": 8173,
    "best_standalone": {
      "model": "RandomForest",
      "auc": 0.808405512106223,
      "ap": 0.4230172889072702
    },
    "stack": {
      "Logistic": {
        "auc": 0.8145056839303769,
        "ap": 0.4461450132618172,
        "auc_sd": 0.016710913485905875,
        "ap_sd": 0.009920250921356122
      },
      "Ridge": {
        "auc": 0.8194550009352852,
        "ap": 0.4486401939763419,
        "auc_sd": 0.01809486221631658,
        "ap_sd": 0.01564413434968814
      },
      "LightGBM": {
        "auc": 0.8090884282707165,
        "ap": 0.42275816888148354,
        "auc_sd": 0.013923956482646736,
        "ap_sd": 0.009745240956650539
      }
    },
    "tabpfn_dAP": {
      "Logistic": 0.004100209409443556,
      "Ridge": 0.007421641821629743,
      "LightGBM": 0.0008774183019819026
    }
  },
  "temporal": {
    "eval_rows": 5675,
    "best_standalone": {
      "model": "CatBoost",
      "auc": 0.770922545453413,
      "ap": 0.3346863148989263
    },
    "stack": {
      "Logistic": {
        "auc": 0.7706447875726412,
        "ap": 0.31255692033513616,
        "auc_sd": 0.048114475747206335,
        "ap_sd": 0.06974608140277824
      },
      "Ridge": {
        "auc": 0.7721486119502458,
        "ap": 0.32154558510147374,
        "auc_sd": 0.04819514956521272,
        "ap_sd": 0.0698036700558983
      },
      "LightGBM": {
        "auc": 0.743483881867841,
        "ap": 0.26226262838430875,
        "auc_sd": 0.04875759081793034,
        "ap_sd": 0.0538620675206034
      }
    },
    "tabpfn_dAP": {
      "Logistic": -0.0030196121191161107,
      "Ridge": -0.006204295597599108,
      "LightGBM": 0.0045820667516808244
    }
  },
  "corridor": {
    "eval_rows": 8173,
    "best_standalone": {
      "model": "XGBoost",
      "auc": 0.7118765652217494,
      "ap": 0.29166655439211775
    },
    "stack": {
      "Logistic": {
        "auc": 0.7384326511669757,
        "ap": 0.30255650351229285,
        "auc_sd": 0.02287184907603762,
        "ap_sd": 0.09386541494281259
      },
      "Ridge": {
        "auc": 0.715114842781294,
        "ap": 0.2666605387876756,
        "auc_sd": 0.02924511119224168,
        "ap_sd": 0.08764747342059125
      },
      "LightGBM": {
        "auc": 0.690361548958834,
        "ap": 0.270063780784448,
        "auc_sd": 0.010937729273771473,
        "ap_sd": 0.06261730838011503
      }
    },
    "tabpfn_dAP": {
      "Logistic": -0.018419844129603458,
      "Ridge": -0.021132289272396076,
      "LightGBM": 0.0056694568354547226
    }
  }
}