{
  "CatBoost": {
    "avg_roc_auc": 0.8098756267793112,
    "avg_pr_auc": 0.4236485329656006,
    "individual_roc_aucs": [
      0.8026186806083381,
      0.8041899205441545,
      0.7992143603003332,
      0.8043105802478783,
      0.7943784022484733,
      0.8011936530036078,
      0.8034004528833231,
      0.8054493000355961,
      0.7933352828310811,
      0.8036268748130416,
      0.8012302554157759,
      0.8003221012270787,
      0.7985952763748497,
      0.7997257088239634,
      0.8042866061612021,
      0.7975380487500721,
      0.7980597564469575,
      0.8045598910175509,
      0.7970720832711783,
      0.7999331882654442
    ],
    "individual_pr_aucs": [
      0.4032832891598878,
      0.4154559634614534,
      0.3916583197866218,
      0.41497431436174687,
      0.40660380438874894,
      0.41136980085583985,
      0.40541905071781986,
      0.4220537403490313,
      0.3980280253219567,
      0.41487082159193717,
      0.4030502460643698,
      0.4030455319991213,
      0.39145466533144746,
      0.4127675800366873,
      0.41290240081444757,
      0.4113556391790284,
      0.4125383562651486,
      0.40422862141979987,
      0.40703484406040086,
      0.41825146665299506
    ],
    "mean_individual_auc": 0.800652021163495,
    "std_individual_auc": 0.003377889036230785,
    "elapsed_seconds": 327.5032775402069
  },
  "LightGBM": {
    "avg_roc_auc": 0.8114737019067982,
    "avg_pr_auc": 0.45086773077608205,
    "individual_roc_aucs": [
      0.8002552105654885,
      0.794434243125258,
      0.8039004556457692,
      0.8012492965628065,
      0.7974633640438423,
      0.8033771694081973,
      0.8073031974130874,
      0.7922915714609314,
      0.7952825114266614,
      0.8034446520225448,
      0.7974525115766227,
      0.8053006212346872,
      0.7891887524240465,
      0.7965287692986465,
      0.797799691868858,
      0.790441916411535,
      0.7973438882456335,
      0.7967434508320093,
      0.7917869317352189,
      0.794260504990951
    ],
    "individual_pr_aucs": [
      0.41710062859308283,
      0.4185538154741623,
      0.4274149501338518,
      0.4323961168306282,
      0.4230856172082811,
      0.42582812502768164,
      0.4218729554143072,
      0.4300072304334898,
      0.42384243870525673,
      0.42850032995192394,
      0.4194897975109016,
      0.4280543991799555,
      0.40402877846877466,
      0.4228179008248483,
      0.4104423531129612,
      0.417080164243124,
      0.4151870547371953,
      0.4039200142916001,
      0.42426146481062593,
      0.4138977962422267
    ],
    "mean_individual_auc": 0.7977924355146399,
    "std_individual_auc": 0.004964072903620631,
    "elapsed_seconds": 50.278985261917114
  },
  "RandomForest": {
    "avg_roc_auc": 0.8167800650832326,
    "avg_pr_auc": 0.45126608846034005,
    "individual_roc_aucs": [
      0.808405512106223,
      0.8066197879546297,
      0.8137005295214734,
      0.8137487736712041,
      0.8035468625319953,
      0.8101940973628109,
      0.8091253266592633,
      0.8071034133574535,
      0.8027612425640868,
      0.8148454648131442,
      0.8118340038184899,
      0.8035418309335568,
      0.8046590431044213,
      0.8023343459671839,
      0.8052431031584232,
      0.8088677285509864,
      0.8072328536937459,
      0.8094688565761611,
      0.8065864412826277,
      0.8072485404418178
    ],
    "individual_pr_aucs": [
      0.4230172889072702,
      0.4290775573687706,
      0.43426135792370635,
      0.4456809695039834,
      0.438985399595958,
      0.4423483149174692,
      0.42073058312104794,
      0.4312869599009135,
      0.4259462892799255,
      0.4432930243308243,
      0.44356672398994557,
      0.41774049807491215,
      0.41240088025489774,
      0.422694540161091,
      0.4329089319229181,
      0.4321203300579832,
      0.4464836726893184,
      0.4188216889847973,
      0.4327940618615265,
      0.4358159625031828
    ],
    "mean_individual_auc": 0.807853387903485,
    "std_individual_auc": 0.003603487631043404,
    "elapsed_seconds": 242.7688069343567
  },
  "ExtraTrees": {
    "avg_roc_auc": 0.8040069084833144,
    "avg_pr_auc": 0.4373352792640619,
    "individual_roc_aucs": [
      0.7983401447363957,
      0.7883884322959952,
      0.7927051491207924,
      0.80036560975475,
      0.7880122463186457,
      0.7919831640743082,
      0.7941257370798418,
      0.7880118516834742,
      0.7913237287025264,
      0.796149327581131,
      0.7939352269507408,
      0.7911243392820638,
      0.7881225468491143,
      0.785208560741851,
      0.7906590644147206,
      0.795654652393502,
      0.7903577604611867,
      0.7952361417939956,
      0.7944991606109899,
      0.7889296744338762
    ],
    "individual_pr_aucs": [
      0.40980102617562814,
      0.40153594459347525,
      0.4157245961557317,
      0.4198378387367332,
      0.4072610292589434,
      0.4132510103664845,
      0.4074879234396041,
      0.40975536604632395,
      0.40417477056915524,
      0.40975706354449604,
      0.414525394113311,
      0.392971316708265,
      0.3873708625106282,
      0.4033190625115012,
      0.4078042590475257,
      0.40766850480017314,
      0.41904352877123074,
      0.3991479566336438,
      0.40551991710922036,
      0.40756410992371384
    ],
    "mean_individual_auc": 0.7921566259639949,
    "std_individual_auc": 0.0037874709873157867,
    "elapsed_seconds": 202.0826654434204
  },
  "XGBoost": {
    "avg_roc_auc": 0.8095547883847818,
    "avg_pr_auc": 0.4412825440822783,
    "individual_roc_aucs": [
      0.7976712381204947,
      0.7901443614921313,
      0.8038474758739789,
      0.7966096695088292,
      0.7949477621423322,
      0.7980178264599728,
      0.7961638304236882,
      0.7937507350080071,
      0.7900207420246205,
      0.8031662369089647,
      0.7979910899270951,
      0.7940767036597676,
      0.7915302215560781,
      0.7923280752143067,
      0.7978377741629196,
      0.7918884516331187,
      0.7978391553860202,
      0.8003297966129252,
      0.7954630570176788,
      0.7909875981950966
    ],
    "individual_pr_aucs": [
      0.40584311377348636,
      0.41242155253872576,
      0.4270233375727989,
      0.422909935866345,
      0.4210002064380506,
      0.4159643322546306,
      0.39949747117585865,
      0.4161332100529733,
      0.41338989514119734,
      0.4135229367671762,
      0.4122933649864471,
      0.4155085505862985,
      0.40114539801895077,
      0.4136391649974697,
      0.4151758421162991,
      0.41673070144117563,
      0.4140362581107996,
      0.40602688252509544,
      0.40913443163002194,
      0.39630112241702165
    ],
    "mean_individual_auc": 0.7957305900664012,
    "std_individual_auc": 0.0038981125686137117,
    "elapsed_seconds": 34.86324334144592
  }
}